part no.,name,unit,approval,part status,item type,spare part id,lead time,creation date,creator
9000-0000,streamline real-time infrastructures,pc,approved,1,part,no spare part,40,19.04.01,iwan78
9001-0000,revolutionize transparent niches,pc,approved,1,part,spare part,40,19.04.01,michel02
9002-0000,transform robust architectures,pc,approved,1,part,no spare part,40,19.04.01,baererstanislav
9003-0000,incubate open-source supply-chains,pc,approved,1,part,no spare part,55,19.04.01,iwagner
9004-0000,iterate scalable communities,pc,approved,1,part,spare part,35,19.04.01,creinhardt
9005-0000,enable cross-platform schemas,pc,approved,1,part,no spare part,25,19.04.01,jriehl
9006-0000,facilitate interactive communities,pc,approved,1,part,no spare part,20,19.04.01,ortrud53
9007-0000,implement user-centric infrastructures,pc,approved,1,part,no spare part,20,19.04.01,mitschkealoisia
9008-0000,matrix enterprise partnerships,pc,approved,1,part,no spare part,40,19.04.01,ilona90
9009-0000,implement turn-key systems,pc,approved,1,part,no spare part,45,19.04.01,janet63
9010-0000,transform revolutionary infrastructures,pc,approved,1,part,no spare part,20,19.04.01,herrmannkasimir
9011-0000,repurpose B2B channels,pc,approved,1,part,no spare part,25,19.04.01,seppklemt
9012-0000,generate vertical technologies,pc,approved,1,part,no spare part,20,19.04.01,mbeyer
9013-0000,redefine user-centric networks,pc,approved,1,part,no spare part,40,19.04.01,oestrovskygundel
9014-0000,syndicate back-end info-mediaries,pc,approved,1,part,no spare part,25,19.04.01,hans-theobien
9015-0000,e-enable robust content,pc,approved,1,part,no spare part,20,19.04.01,anneke28
9016-0000,facilitate compelling e-tailers,pc,approved,3,part,no spare part,30,19.04.01,laszloortmann
9017-0000,transition turn-key synergies,pc,approved,1,part,no spare part,40,19.04.01,shauffer
9018-0000,strategize user-centric methodologies,pc,approved,1,part,no spare part,40,20.04.01,dobesthorben
9019-0000,incubate holistic deliverables,pc,approved,1,part,no spare part,55,20.04.01,malgorzata38
9020-0000,repurpose next-generation relationships,pc,approved,1,part,no spare part,60,20.04.01,schustertelse
9021-0000,deliver robust experiences,pc,approved,1,part,no spare part,40,26.11.01,zladeck
9022-0000,reinvent strategic models,pc,approved,1,part,no spare part,40,29.11.01,ddoerschner
9023-0000,repurpose back-end communities,pc,approved,1,part,spare part,40,07.12.01,pwesack
9024-0000,facilitate cross-platform schemas,pc,approved,1,part,no spare part,40,07.12.01,wplath
9025-0000,strategize intuitive bandwidth,pc,approved,1,part,spare part,40,12.12.01,aenneeimer
9026-0000,synergize cross-platform web-readiness,pc,approved,1,part,no spare part,15,14.12.01,susihahn
9027-0000,aggregate e-business functionalities,pc,approved,3,part,no spare part,40,12.11.01,wiltrudbender
9028-0000,disintermediate value-added convergence,pc,approved,1,part,no spare part,40,16.08.02,sibyllahaenel
9029-0000,enhance wireless users,pc,approved,1,part,no spare part,40,21.11.02,kuschsusana
9030-0000,deliver leading-edge functionalities,pc,approved,1,part,spare part,40,16.06.03,atzlersamuel
9031-0000,envisioneer rich functionalities,pc,approved,1,part,no spare part,20,25.09.03,bernadette00
9032-0000,drive bleeding-edge users,pc,approved,1,part,no spare part,40,20.03.03,janettemaelzer
9033-0000,syndicate virtual eyeballs,pc,approved,1,part,spare part,40,14.02.03,susana24
9034-0000,incubate visionary architectures,pc,approved,1,part,spare part,25,27.04.04,holzapfelgretl
9035-0000,engineer plug-and-play paradigms,pc,approved,1,part,no spare part,40,03.06.04,heinfried80
9036-0000,implement global bandwidth,pc,approved,8,part,spare part,40,31.03.04,lilija27
9037-0000,aggregate vertical portals,pc,approved,1,part,spare part,40,15.03.05,sebastianohartung
9038-0000,exploit synergistic methodologies,pc,approved,1,part,spare part,40,26.08.04,jkrein
9039-0000,empower user-centric functionalities,pc,approved,1,part,no spare part,40,30.06.05,reinhardtbuchholz
9040-0000,deploy clicks-and-mortar platforms,pc,approved,1,part,spare part,55,18.11.05,sberger
9041-0000,re-intermediate innovative mindshare,pc,approved,1,part,spare part,40,08.12.05,willibertwagenknecht
9042-0000,seize e-business infrastructures,pc,approved,1,part,spare part,20,29.04.05,ebertheugen
9043-0000,brand value-added users,pc,approved,1,part,spare part,20,13.12.06,jkitzmann
9044-0000,synergize intuitive users,pc,approved,7,part,no spare part,40,15.02.07,martinanne-kathrin
9045-0000,scale wireless web-readiness,pc,approved,1,part,no spare part,40,07.04.08,kilian53
9046-0000,harness back-end info-mediaries,pc,approved,1,part,spare part,40,02.04.08,gbiggen
9047-0000,integrate open-source e-markets,pc,approved,1,part,no spare part,40,06.02.09,scheelgiovanna
9048-0000,seize proactive functionalities,pc,approved,1,part,no spare part,40,27.02.09,jelena13
9049-0000,whiteboard granular e-markets,pc,approved,7,part,no spare part,40,11.06.10,agirschner
9050-0000,optimize B2B relationships,pc,approved,1,part,no spare part,40,22.07.11,peggymuelichen
9051-0000,repurpose web-enabled infrastructures,pc,approved,1,part,no spare part,40,06.01.11,miroslawaadolph
9052-0000,transition leading-edge deliverables,pc,approved,1,part,no spare part,40,03.11.11,liobachristoph
9053-0000,synergize extensible eyeballs,pc,approved,7,part,no spare part,70,23.11.11,antonino12
9054-0000,redefine distributed architectures,pc,approved,1,part,no spare part,40,31.01.14,uwelosekann
9055-0000,disintermediate end-to-end users,pc,approved,1,part,spare part,40,03.08.15,geschelachmann
9056-0000,facilitate 24/7 functionalities,pc,approved,1,part,no spare part,25,16.10.14,bluemelgereon
9057-0000,leverage integrated e-commerce,pc,approved,8,part,spare part,40,28.07.15,misicherherlinde
9058-0000,streamline global bandwidth,pc,approved,4,part,no spare part,40,17.08.15,eimergordana
9059-0000,repurpose vertical convergence,pc,approved,1,part,no spare part,40,01.03.16,klemttheodor
9060-0000,grow customized content,pc,approved,1,part,no spare part,40,23.03.17,margothenck
9061-0000,brand proactive communities,pc,approved,1,part,no spare part,40,15.05.17,lilianalosekann
9062-0000,mesh world-class deliverables,pc,approved,1,part,no spare part,40,13.02.17,grit21
9063-0000,deliver global supply-chains,pc,approved,1,part,no spare part,40,31.08.16,hornichmatteo
9064-0000,deliver sticky users,pc,approved,1,part,no spare part,40,19.05.17,ykaul
9065-0000,drive out-of-the-box e-services,pc,approved,6,part,no spare part,40,09.08.16,margarethebolander
9066-0000,productize cross-platform infrastructures,pc,approved,1,part,no spare part,50,04.01.17,rognercarlos
9067-0000,empower interactive e-tailers,pc,approved,1,part,no spare part,40,12.04.17,heringkenneth
9068-0000,matrix world-class portals,pc,approved,1,part,no spare part,35,17.03.17,fatihroht
9069-0000,strategize revolutionary mindshare,pc,approved,8,part,no spare part,40,21.09.17,ziegertreinhild
9070-0000,evolve 24/365 mindshare,pc,approved,8,part,no spare part,40,27.11.17,silvia68
9071-0000,aggregate vertical solutions,pc,approved,1,part,no spare part,40,08.06.17,pawel26
9072-0000,empower bleeding-edge infrastructures,pc,approved,8,part,no spare part,13,26.09.17,schleichklaas
9073-0000,expedite turn-key infrastructures,pc,approved,8,part,no spare part,40,26.09.17,luis05
9074-0000,facilitate global users,pc,approved,8,part,no spare part,40,28.11.17,seifertklaus-ulrich
9075-0000,enable compelling models,pc,approved,8,part,no spare part,40,29.11.17,kostolzinirmgard
9076-0000,drive impactful web-readiness,pc,approved,8,part,no spare part,40,01.12.17,elenajunk
9077-0000,morph holistic supply-chains,pc,approved,8,part,no spare part,40,04.12.17,udoehn
9078-0000,strategize magnetic mindshare,pc,approved,1,part,no spare part,40,24.11.17,roderichschuster
9079-0000,re-contextualize end-to-end e-business,pc,approved,1,part,no spare part,40,27.07.17,groettnerharm
9080-0000,whiteboard clicks-and-mortar metrics,pc,approved,1,part,no spare part,40,09.11.17,stanislaus74
9081-0000,expedite rich supply-chains,pc,approved,8,part,spare part,40,22.11.17,reimerbauer
9082-0000,scale 24/7 markets,pc,approved,8,part,no spare part,40,05.12.17,jana02
9083-0000,disintermediate ubiquitous relationships,pc,approved,1,part,no spare part,40,22.06.17,paologorlitz
9084-0000,repurpose next-generation vortals,pc,approved,8,part,no spare part,40,25.09.17,ernstinna
9085-0000,seize killer systems,pc,approved,1,part,no spare part,40,10.07.17,hillererwin
9086-0000,facilitate dynamic ROI,pc,approved,8,part,no spare part,40,25.09.17,klingelhoeferbjoern
9087-0000,synergize leading-edge e-markets,pc,approved,1,part,no spare part,40,28.09.17,oswin24
9088-0000,synergize back-end ROI,pc,approved,8,part,no spare part,40,22.09.17,ndavids
9089-0000,iterate enterprise relationships,pc,approved,8,part,no spare part,40,22.09.17,annaliese81
9090-0000,optimize distributed initiatives,pc,approved,1,part,no spare part,40,20.06.17,juettnerkemal
9091-0000,redefine back-end mindshare,pc,approved,1,part,no spare part,40,27.11.17,theodor30
9092-0000,transition world-class markets,pc,approved,1,part,no spare part,40,18.09.17,dowergelly
9093-0000,synergize scalable applications,pc,approved,1,part,no spare part,40,08.06.17,wilmsthilo
9094-0000,synergize seamless platforms,pc,approved,8,part,spare part,40,19.02.18,rklemt
9095-0000,target world-class action-items,pc,approved,8,part,no spare part,40,01.02.18,marianaeigenwillig
9096-0000,visualize customized niches,pc,approved,8,part,no spare part,40,01.02.18,aackermann
9097-0000,e-enable visionary networks,pc,approved,8,part,no spare part,40,28.02.18,ilhanadolph
